{
  "extra": {
    "ds": {
      "scale": 0.6115909044841625,
      "offset": [
        1025.1804719001484,
        663.3588303850514
      ]
    },
    "0246.VERSION": [
      0,
      0,
      4
    ],
    "workspace_info": {
      "id": "sSr80zkRsolLQHBh3oFSe",
      "cloudID": null,
      "saveLock": false,
      "coverMediaPath": null
    }
  },
  "links": [
    [
      20,
      17,
      0,
      13,
      3,
      "SIGMAS"
    ],
    [
      24,
      13,
      0,
      8,
      0,
      "LATENT"
    ],
    [
      172,
      16,
      0,
      13,
      2,
      "SAMPLER"
    ],
    [
      174,
      25,
      0,
      13,
      0,
      "NOISE"
    ],
    [
      205,
      130,
      0,
      128,
      4,
      "IMAGE"
    ],
    [
      209,
      131,
      0,
      128,
      1,
      "CONDITIONING"
    ],
    [
      212,
      133,
      0,
      128,
      2,
      "CONTROL_NET"
    ],
    [
      218,
      138,
      0,
      128,
      5,
      "MASK"
    ],
    [
      222,
      139,
      0,
      13,
      4,
      "LATENT"
    ],
    [
      225,
      8,
      0,
      140,
      0,
      "IMAGE"
    ],
    [
      226,
      130,
      0,
      140,
      1,
      "IMAGE"
    ],
    [
      228,
      141,
      0,
      13,
      1,
      "GUIDER"
    ],
    [
      229,
      128,
      1,
      141,
      2,
      "CONDITIONING"
    ],
    [
      230,
      128,
      0,
      141,
      1,
      "CONDITIONING"
    ],
    [
      238,
      130,
      1,
      138,
      0,
      "MASK"
    ],
    [
      240,
      11,
      0,
      131,
      0,
      "CLIP"
    ],
    [
      242,
      10,
      0,
      128,
      3,
      "VAE"
    ],
    [
      244,
      12,
      0,
      17,
      0,
      "MODEL"
    ],
    [
      247,
      10,
      0,
      8,
      1,
      "VAE"
    ],
    [
      250,
      11,
      0,
      148,
      0,
      "CLIP"
    ],
    [
      251,
      148,
      0,
      128,
      0,
      "CONDITIONING"
    ],
    [
      252,
      12,
      0,
      141,
      0,
      "MODEL"
    ],
    [
      254,
      8,
      0,
      149,
      0,
      "IMAGE"
    ]
  ],
  "nodes": [
    {
      "id": 139,
      "pos": [
        268,
        168
      ],
      "mode": 0,
      "size": [
        315,
        106
      ],
      "type": "EmptySD3LatentImage",
      "flags": {},
      "order": 0,
      "inputs": [],
      "outputs": [
        {
          "name": "LATENT",
          "type": "LATENT",
          "links": [
            222
          ],
          "shape": 3,
          "slot_index": 0
        }
      ],
      "properties": {
        "Node name for S&R": "EmptySD3LatentImage"
      },
      "widgets_values": [
        1024,
        1024,
        1
      ]
    },
    {
      "id": 17,
      "pos": [
        265,
        -6
      ],
      "mode": 0,
      "size": [
        315,
        106
      ],
      "type": "BasicScheduler",
      "flags": {},
      "order": 8,
      "inputs": [
        {
          "link": 244,
          "name": "model",
          "type": "MODEL",
          "label": "model",
          "slot_index": 0
        }
      ],
      "outputs": [
        {
          "name": "SIGMAS",
          "type": "SIGMAS",
          "label": "SIGMAS",
          "links": [
            20
          ],
          "shape": 3
        }
      ],
      "properties": {
        "Node name for S&R": "BasicScheduler"
      },
      "widgets_values": [
        "simple",
        24,
        1
      ]
    },
    {
      "id": 16,
      "pos": [
        273,
        -121
      ],
      "mode": 0,
      "size": [
        256.2611999511719,
        58
      ],
      "type": "KSamplerSelect",
      "flags": {},
      "order": 1,
      "inputs": [],
      "outputs": [
        {
          "name": "SAMPLER",
          "type": "SAMPLER",
          "label": "SAMPLER",
          "links": [
            172
          ],
          "shape": 3,
          "slot_index": 0
        }
      ],
      "properties": {
        "Node name for S&R": "KSamplerSelect"
      },
      "widgets_values": [
        "euler"
      ]
    },
    {
      "id": 25,
      "pos": [
        271,
        -430
      ],
      "mode": 0,
      "size": [
        290.9759216308594,
        82
      ],
      "type": "RandomNoise",
      "flags": {},
      "order": 2,
      "inputs": [],
      "outputs": [
        {
          "name": "NOISE",
          "type": "NOISE",
          "label": "NOISE",
          "links": [
            174
          ],
          "shape": 3
        }
      ],
      "properties": {
        "Node name for S&R": "RandomNoise"
      },
      "widgets_values": [
        24,
        "fixed"
      ]
    },
    {
      "id": 13,
      "pos": [
        619,
        -447
      ],
      "mode": 0,
      "size": [
        266.6016845703125,
        106
      ],
      "type": "SamplerCustomAdvanced",
      "flags": {},
      "order": 14,
      "inputs": [
        {
          "link": 174,
          "name": "noise",
          "type": "NOISE",
          "label": "noise",
          "slot_index": 0
        },
        {
          "link": 228,
          "name": "guider",
          "type": "GUIDER",
          "label": "guider",
          "slot_index": 1
        },
        {
          "link": 172,
          "name": "sampler",
          "type": "SAMPLER",
          "label": "sampler",
          "slot_index": 2
        },
        {
          "link": 20,
          "name": "sigmas",
          "type": "SIGMAS",
          "label": "sigmas",
          "slot_index": 3
        },
        {
          "link": 222,
          "name": "latent_image",
          "type": "LATENT",
          "label": "latent_image",
          "slot_index": 4
        }
      ],
      "outputs": [
        {
          "name": "output",
          "type": "LATENT",
          "label": "output",
          "links": [
            24
          ],
          "shape": 3,
          "slot_index": 0
        },
        {
          "name": "denoised_output",
          "type": "LATENT",
          "label": "denoised_output",
          "links": null,
          "shape": 3
        }
      ],
      "properties": {
        "Node name for S&R": "SamplerCustomAdvanced"
      },
      "widgets_values": []
    },
    {
      "id": 12,
      "pos": [
        -795,
        -510
      ],
      "mode": 0,
      "size": [
        308.9964904785156,
        83.4256591796875
      ],
      "type": "UNETLoader",
      "flags": {},
      "order": 3,
      "inputs": [],
      "outputs": [
        {
          "name": "MODEL",
          "type": "MODEL",
          "label": "MODEL",
          "links": [
            244,
            252
          ],
          "shape": 3,
          "slot_index": 0
        }
      ],
      "properties": {
        "Node name for S&R": "UNETLoader"
      },
      "widgets_values": [
        "flux/flux1-dev-fp8.safetensors",
        "fp8_e4m3fn"
      ]
    },
    {
      "id": 141,
      "pos": [
        267,
        -291
      ],
      "mode": 0,
      "size": [
        315,
        98
      ],
      "type": "CFGGuider",
      "flags": {},
      "order": 13,
      "inputs": [
        {
          "link": 252,
          "name": "model",
          "type": "MODEL"
        },
        {
          "link": 230,
          "name": "positive",
          "type": "CONDITIONING"
        },
        {
          "link": 229,
          "name": "negative",
          "type": "CONDITIONING"
        }
      ],
      "outputs": [
        {
          "name": "GUIDER",
          "type": "GUIDER",
          "links": [
            228
          ],
          "shape": 3,
          "slot_index": 0
        }
      ],
      "properties": {
        "Node name for S&R": "CFGGuider"
      },
      "widgets_values": [
        1
      ]
    },
    {
      "id": 10,
      "pos": [
        -795,
        -215
      ],
      "mode": 0,
      "size": [
        305.9473876953125,
        68.47245788574219
      ],