{
  "extra": {
    "ds": {
      "scale": 0.6830134553650712,
      "offset": {
        "0": 1760.0135261634928,
        "1": 608.86482151761
      }
    }
  },
  "links": [
    [
      5,
      11,
      0,
      6,
      0,
      "CLIP"
    ],
    [
      90,
      67,
      0,
      68,
      0,
      "CONDITIONING"
    ],
    [
      91,
      68,
      0,
      69,
      0,
      "CONDITIONING"
    ],
    [
      92,
      70,
      0,
      69,
      1,
      "CONDITIONING"
    ],
    [
      93,
      71,
      0,
      70,
      0,
      "CONDITIONING"
    ],
    [
      94,
      11,
      0,
      71,
      0,
      "CLIP"
    ],
    [
      557,
      252,
      2,
      231,
      1,
      "VAE"
    ],
    [
      565,
      252,
      0,
      13,
      0,
      "MODEL"
    ],
    [
      580,
      71,
      0,
      67,
      0,
      "CONDITIONING"
    ],
    [
      591,
      13,
      0,
      271,
      0,
      "MODEL"
    ],
    [
      592,
      69,
      0,
      271,
      2,
      "CONDITIONING"
    ],
    [
      593,
      135,
      0,
      271,
      3,
      "LATENT"
    ],
    [
      595,
      6,
      0,
      271,
      1,
      "CONDITIONING"
    ],
    [
      596,
      271,
      0,
      231,
      0,
      "LATENT"
    ],
    [
      597,
      272,
      0,
      271,
      4,
      "INT"
    ],
    [
      601,
      231,
      0,
      274,
      0,
      "IMAGE"
    ],
    [
      602,
      13,
      0,
      274,
      1,
      "MODEL"
    ],
    [
      603,
      6,
      0,
      274,
      2,
      "CONDITIONING"
    ],
    [
      604,
      71,
      0,
      274,
      3,
      "CONDITIONING"
    ],
    [
      605,
      252,
      2,
      274,
      4,
      "VAE"
    ],
    [
      606,
      275,
      0,
      274,
      5,
      "UPSCALE_MODEL"
    ],
    [
      607,
      272,
      0,
      274,
      6,
      "INT"
    ],
    [
      608,
      231,
      0,
      276,
      0,
      "IMAGE"
    ],
    [
      609,
      274,
      0,
      277,
      0,
      "IMAGE"
    ]
  ],
  "nodes": [
    {
      "id": 231,
      "pos": [
        -326,
        -221
      ],
      "mode": 0,
      "size": [
        210,
        46
      ],
      "type": "VAEDecode",
      "flags": {},
      "order": 14,
      "inputs": [
        {
          "link": 596,
          "name": "samples",
          "type": "LATENT"
        },
        {
          "link": 557,
          "name": "vae",
          "type": "VAE"
        }
      ],
      "outputs": [
        {
          "name": "IMAGE",
          "type": "IMAGE",
          "links": [
            601,
            608
          ],
          "shape": 3,
          "slot_index": 0
        }
      ],
      "properties": {
        "Node name for S&R": "VAEDecode"
      }
    },
    {
      "id": 276,
      "pos": [
        -323,
        -119
      ],
      "mode": 0,
      "size": [
        497.3695068359375,
        563.1148071289062
      ],
      "type": "SaveImage",
      "flags": {},
      "order": 16,
      "inputs": [
        {
          "link": 608,
          "name": "images",
          "type": "IMAGE"
        }
      ],
      "properties": {},
      "widgets_values": [
        "1089"
      ]
    },
    {
      "id": 275,
      "pos": [
        210,
        -240
      ],
      "mode": 0,
      "size": [
        315,
        58
      ],
      "type": "UpscaleModelLoader",
      "flags": {},
      "order": 0,
      "outputs": [
        {
          "name": "UPSCALE_MODEL",
          "type": "UPSCALE_MODEL",
          "links": [
            606
          ],
          "shape": 3,
          "slot_index": 0
        }
      ],
      "properties": {
        "Node name for S&R": "UpscaleModelLoader"
      },
      "widgets_values": [
        "4x-UltraSharp.pth"
      ]
    },
    {
      "id": 274,
      "pos": [
        210,
        -100
      ],
      "mode": 0,
      "size": [
        308.3812561035156,
        619.0059204101562
      ],
      "type": "UltimateSDUpscale",
      "flags": {},
      "order": 15,
      "inputs": [
        {
          "link": 601,
          "name": "image",
          "type": "IMAGE"
        },
        {
          "link": 602,
          "name": "model",
          "type": "MODEL"
        },
        {
          "link": 603,
          "name": "positive",
          "type": "CONDITIONING"
        },
        {
          "link": 604,
          "name": "negative",
          "type": "CONDITIONING"
        },
        {
          "link": 605,
          "name": "vae",
          "type": "VAE"
        },
        {
          "link": 606,
          "name": "upscale_model",
          "type": "UPSCALE_MODEL",
          "slot_index": 5
        },
        {
          "link": 607,
          "name": "seed",
          "type": "INT",
          "widget": {
            "name": "seed"
          }
        }
      ],
      "outputs": [
        {
          "name": "IMAGE",
          "type": "IMAGE",
          "links": [
            609
          ],
          "shape": 3,
          "slot_index": 0
        }
      ],
      "properties": {
        "Node name for S&R": "UltimateSDUpscale"
      },
      "widgets_values": [
        2,
        521116954032249,
        "randomize",
        15,
        5,
        "dpmpp_2m",
        "sgm_uniform",
        0.15,
        "Chess",
        1024,
        1024,
        8,
        32,
        "None",
        1,
        64,
        8,
        16,
        true,
        false
      ]
    },
    {
      "id": 252,
      "pos": [
        -1732.086240502146,
        -431.1332989178405
      ],
      "mode": 0,
      "size": [
        499.92315673828125,
        98
      ],
      "type": "CheckpointLoaderSimple",
      "flags": {},
      "order": 1,
      "outputs": [
        {
          "name": "MODEL",
          "type": "MODEL",
          "links": [
            565
          ],
          "shape": 3,
          "slot_index": 0
        },
        {
          "name": "CLIP",
          "type": "CLIP",
          "links": [],
          "shape": 3,
          "slot_index": 1
        },
        {
          "name": "VAE",
          "type": "VAE",
          "links": [
            557,
            605
          ],
          "shape": 3,
          "slot_index": 2
        }
      ],
      "properties": {
        "Node name for S&R": "CheckpointLoaderSimple"
      },
      "widgets_values": [
        "sd3m/sd3_medium.safetensors"
      ]
    },
    {
      "id": 13,
      "pos": [
        -1189,
        -420
      ],
      "mode": 0,
      "size": [
        315,
        58
      ],
      "type": "ModelSamplingSD3",
      "flags": {
        "collapsed": false
      },
      "order": 6,
      "inputs": [
        {
          "link": 565,
          "name": "model",
          "type": "MODEL"
        }
      ],
      "outputs": [
        {
          "name": "MODEL",
          "type": "MODEL",
          "links": [
            591,
            602
          ],
          "shape": 3,
          "slot_index": 0
        }
      ],
      "properties": {
        "Node name for S&R": "ModelSamplingSD3"
      },
      "widgets_values": [
        3
      ]
    },
    {
      "id": 277,
      "pos": [
        547,
        -100
      ],
      "mode": 0,
      "size": [
        528.3096923828125,
        612.62255859375
      ],
      "type": "SaveImage",
      "flags": {},
      "order": 17,
      "inputs": [
        {
          "link": 609,
          "name": "images",
          "type": "IMAGE"
        }
      ],
      "properties": {},
      "widgets_values": [
        "1089"
      ]
    },
    {
      "id": 272,
      "pos": [
        -1270,
        610
      ],
      "mode": 0,
      "size": [
        210,
        82
      ],
      "type": "PrimitiveNode",
      "flags": {},
      "order": 2,
      "title": "Seed",
      "outputs": [
        {
          "name": "INT",
          "type": "INT",
          "links": [
            597,
            607
          ],