{
  "extra": {
    "ds": {
      "scale": 0.8390545288824037,
      "offset": {
        "0": 660.9302088753432,
        "1": -338.24219964008495
      }
    },
    "workspace_info": {
      "id": "Kul8k4FzCSQZLs75CI35q"
    }
  },
  "links": [
    [
      107,
      47,
      0,
      51,
      0,
      "CONDITIONING"
    ],
    [
      108,
      45,
      0,
      51,
      1,
      "CONDITIONING"
    ],
    [
      109,
      25,
      0,
      51,
      2,
      "CONTROL_NET"
    ],
    [
      113,
      51,
      0,
      46,
      1,
      "CONDITIONING"
    ],
    [
      114,
      51,
      1,
      46,
      2,
      "CONDITIONING"
    ],
    [
      115,
      49,
      0,
      46,
      3,
      "LATENT"
    ],
    [
      118,
      46,
      0,
      52,
      0,
      "LATENT"
    ],
    [
      120,
      52,
      0,
      53,
      0,
      "IMAGE"
    ],
    [
      121,
      35,
      0,
      54,
      2,
      "CONTROL_NET"
    ],
    [
      128,
      47,
      0,
      54,
      0,
      "CONDITIONING"
    ],
    [
      129,
      45,
      0,
      54,
      1,
      "CONDITIONING"
    ],
    [
      133,
      54,
      1,
      55,
      2,
      "CONDITIONING"
    ],
    [
      134,
      54,
      0,
      55,
      1,
      "CONDITIONING"
    ],
    [
      136,
      49,
      0,
      55,
      3,
      "LATENT"
    ],
    [
      138,
      55,
      0,
      57,
      0,
      "LATENT"
    ],
    [
      142,
      58,
      1,
      47,
      0,
      "CLIP"
    ],
    [
      143,
      58,
      1,
      45,
      0,
      "CLIP"
    ],
    [
      144,
      58,
      2,
      52,
      1,
      "VAE"
    ],
    [
      145,
      58,
      2,
      49,
      1,
      "VAE"
    ],
    [
      148,
      57,
      0,
      60,
      0,
      "IMAGE"
    ],
    [
      149,
      58,
      2,
      57,
      1,
      "VAE"
    ],
    [
      157,
      58,
      0,
      46,
      0,
      "MODEL"
    ],
    [
      158,
      58,
      0,
      55,
      0,
      "MODEL"
    ],
    [
      159,
      66,
      0,
      64,
      0,
      "IMAGE"
    ],
    [
      160,
      64,
      0,
      51,
      3,
      "IMAGE"
    ],
    [
      161,
      64,
      0,
      67,
      0,
      "IMAGE"
    ],
    [
      162,
      66,
      0,
      49,
      0,
      "IMAGE"
    ],
    [
      164,
      66,
      0,
      68,
      0,
      "IMAGE"
    ],
    [
      165,
      68,
      0,
      69,
      0,
      "IMAGE"
    ],
    [
      166,
      68,
      0,
      54,
      3,
      "IMAGE"
    ]
  ],
  "nodes": [
    {
      "id": 52,
      "pos": [
        1006,
        875
      ],
      "mode": 0,
      "size": [
        210,
        46
      ],
      "type": "VAEDecode",
      "flags": {},
      "order": 15,
      "inputs": [
        {
          "link": 118,
          "name": "samples",
          "type": "LATENT"
        },
        {
          "link": 144,
          "name": "vae",
          "type": "VAE"
        }
      ],
      "outputs": [
        {
          "name": "IMAGE",
          "type": "IMAGE",
          "links": [
            120
          ],
          "shape": 3,
          "slot_index": 0
        }
      ],
      "properties": {
        "Node name for S&R": "VAEDecode"
      }
    },
    {
      "id": 57,
      "pos": [
        1784,
        858
      ],
      "mode": 0,
      "size": [
        210,
        46
      ],
      "type": "VAEDecode",
      "flags": {},
      "order": 16,
      "inputs": [
        {
          "link": 138,
          "name": "samples",
          "type": "LATENT"
        },
        {
          "link": 149,
          "name": "vae",
          "type": "VAE"
        }
      ],
      "outputs": [
        {
          "name": "IMAGE",
          "type": "IMAGE",
          "links": [
            148
          ],
          "shape": 3,
          "slot_index": 0
        }
      ],
      "properties": {
        "Node name for S&R": "VAEDecode"
      }
    },
    {
      "id": 49,
      "pos": [
        260,
        1330
      ],
      "mode": 0,
      "size": [
        210,
        46
      ],
      "type": "VAEEncode",
      "flags": {},
      "order": 7,
      "inputs": [
        {
          "link": 162,
          "name": "pixels",
          "type": "IMAGE"
        },
        {
          "link": 145,
          "name": "vae",
          "type": "VAE"
        }
      ],
      "outputs": [
        {
          "name": "LATENT",
          "type": "LATENT",
          "links": [
            115,
            136
          ],
          "shape": 3,
          "slot_index": 0
        }
      ],
      "properties": {
        "Node name for S&R": "VAEEncode"
      }
    },
    {
      "id": 55,
      "pos": [
        1434,
        854
      ],
      "mode": 0,
      "size": [
        315,
        334
      ],
      "type": "KSamplerAdvanced",
      "flags": {},
      "order": 14,
      "inputs": [
        {
          "link": 158,
          "name": "model",
          "type": "MODEL"
        },
        {
          "link": 134,
          "name": "positive",
          "type": "CONDITIONING"
        },
        {
          "link": 133,
          "name": "negative",
          "type": "CONDITIONING",
          "slot_index": 2
        },
        {
          "link": 136,
          "name": "latent_image",
          "type": "LATENT"
        }
      ],
      "outputs": [
        {
          "name": "LATENT",
          "type": "LATENT",
          "links": [
            138
          ],
          "shape": 3,
          "slot_index": 0
        }
      ],
      "properties": {
        "Node name for S&R": "KSamplerAdvanced"
      },
      "widgets_values": [
        "enable",
        819512682270167,
        "fixed",
        20,
        8,
        "euler",
        "normal",
        0,
        10000,
        "disable"
      ]
    },
    {
      "id": 45,
      "pos": [
        89,
        1076
      ],
      "mode": 0,
      "size": [
        395.0135498046875,
        193.87283325195312
      ],
      "type": "CLIPTextEncode",
      "flags": {},
      "order": 5,
      "inputs": [
        {
          "link": 143,
          "name": "clip",
          "type": "CLIP"
        }
      ],
      "outputs": [
        {
          "name": "CONDITIONING",
          "type": "CONDITIONING",
          "links": [
            108,
            129
          ],
          "shape": 3,
          "slot_index": 0
        }
      ],
      "properties": {
        "Node name for S&R": "CLIPTextEncode"
      },
      "widgets_values": [
        "lowres, cropped, worst quality"
      ]
    },
    {
      "id": 46,
      "pos": [
        652,
        863
      ],
      "mode": 0,
      "size": [
        315,
        334
      ],
      "type": "KSamplerAdvanced",
      "flags": {},
      "order": 13,
      "inputs": [
        {
          "link": 157,
          "name": "model",
          "type": "MODEL"
        },
        {
          "link": 113,
          "name": "positive",
          "type": "CONDITIONING"
        },
        {
          "link": 114,
          "name": "negative",
          "type": "CONDITIONING"
        },
        {
          "link": 115,
          "name": "latent_image",
          "type": "LATENT"
        }
      ],
      "outputs": [
        {
          "name": "LATENT",
          "type": "LATENT",
          "links": [
            118
          ],
          "shape": 3,
          "slot_index": 0
        }
      ],
      "properties": {
        "Node name for S&R": "KSamplerAdvanced"
      },
      "widgets_values": [
        "enable",
        819512682270167,
        "fixed",
        20,
        8,
        "euler",
        "normal",
        0,
        10000,
        "disable"
      ]
    },
    {
      "id": 58,
      "pos": [
        -439,
        1040
      ],
      "mode": 0,
      "size": [
        439.47283935546875,
        98
      ],
      "type": "CheckpointLoaderSimple",
      "flags": {},
      "order": 0,